image,caption,latency,retries,error
215214751_e913b6ff09.jpg,Two people in a small boat drift across a misty lake.,1.1215925141004845,0,
2358561039_e215a8d6cd.jpg,A man rides a dog-powered scooter through the snowy woods.,1.305485580000095,0,
3624327440_bef4f33f32.jpg,A person is bodyboarding on a large wave in the ocean.,2.1479106069309637,0,
2354540393_a149722680.jpg,A young girl in a blue shirt stands on a bed.,2.017590551986359,0,
3201427741_3033f5b625.jpg,A woman wearing a headscarf holds a baby in her arms.,1.3482205839827657,0,
2981702521_2459f2c1c4.jpg,People wait on a subway platform for a train to arrive.,24.694578023976646,0,
3582742297_1daa29968e.jpg,Three dogs are playing together in a large open field.,1.1520493479911238,0,
1339596997_8ac29c1841.jpg,Three women in headscarves look at a small digital camera.,1.2991429719841108,0,
302983277_69a4e732e4.jpg,A man on horseback poses in front of a mountain range.,1.5077331500360742,0,
1352410176_af6b139734.jpg,A young girl balances on wooden posts on a sandy beach.,1.396918072947301,0,
3145967309_b33abe4d84.jpg,A young couple dances closely together in a dimly lit room.,3.1141537489602342,0,
2544182005_3aa1332bf9.jpg,A young child rides a small bicycle down a paved path.,2.6479554619872943,0,
3564312955_716e86c48b.jpg,A young girl with dark hair smiles while lying in water.,2.380140717024915,0,
2522297487_57edf117f7.jpg,A woman holds a baby while a young boy smiles nearby.,1.7847325729671866,0,
3139876823_859c7d7c23.jpg,A skier stands on a snowy slope overlooking a mountain valley.,1.4176372740184888,0,
1287073593_f3d2a62455.jpg,A person is driving a dog sled across a snowy field.,1.9582140040583909,0,
3223055565_68973f5d20.jpg,A young man plays with two black dogs in the snow.,1.7172328289598227,0,
2339106348_2df90aa6a9.jpg,Two young women stand together in a crowd of people.,1.2462322170613334,0,
3019842612_8501c1791e.jpg,A young man skateboards along a ramp near a fence.,2.1687946390593424,0,
2096771662_984441d20d.jpg,Two men stand on a beach while one looks through binoculars.,1.3894220190122724,0,
488356951_b3b77ad832.jpg,Three men are sitting together and talking on a train.,1.1523345638997853,0,
2283966256_70317e1759.jpg,A brown boxer dog walks along the edge of a river.,1.3763497800100595,0,
494921598_af73bda568.jpg,A young hockey player skates across the ice during a game.,1.3208445050986484,0,
523985664_c866af4850.jpg,A young woman wearing a bikini top holds a free hugs sign.,8.533353967010044,0,
375392855_54d46ed5c8.jpg,A woman in a yellow jacket cross-country skis through snow.,1.523712528985925,0,
3467219837_7d62213dec.jpg,A group of greyhounds racing on a dirt track at sunset.,4.646656536031514,0,
3484832904_08619300d9.jpg,A softball player swings her bat at a yellow ball.,1.1798351970501244,0,
424779662_568f9606d0.jpg,Three women wearing green celebrate St. Patrick's Day outdoors together.,0.9084787350147963,0,
2183227136_8bb657846b.jpg,A person sits on the beach during a golden sunset.,4.774766915943474,0,
3027397797_4f1d305ced.jpg,A shirtless man balances on a skateboard on a road.,1.0440882910043001,0,
