image,caption,match,score,reason,latency,retries,error
215214751_e913b6ff09.jpg,a person is rowing a boat on the shore of a boat,False,2,"The caption is nonsensical and inaccurate, as it describes a person rowing on the shore of a boat rather than on a lake.",1.5620448190020397,0,
2358561039_e215a8d6cd.jpg,a man is pulling a sled in the snow,False,2,"The man is riding a wheeled rig pulled by dogs, not pulling a sled himself.",1.4833945229183882,0,
3624327440_bef4f33f32.jpg,a surfer rides a wave,False,3,"The person is bodyboarding, not surfing, so the term 'surfer' is technically inaccurate.",1.6216875759419054,0,
2354540393_a149722680.jpg,a man with a blue shirt sitting on a bed,False,1,"The image shows a young girl standing on a bed, not a man sitting on one.",1.4868107360089198,0,
3201427741_3033f5b625.jpg,a woman with a blue shirt and a blue hat is sitting on her face,False,1,The caption is completely inaccurate and describes actions and items that are not present in the image.,1.343162261066027,0,
2981702521_2459f2c1c4.jpg,a man sits on a subway train,False,1,"The people in the image are standing on a subway platform, not sitting on a train.",1.4909097430063412,0,
3582742297_1daa29968e.jpg,two dogs are running in a field,False,3,"There are three dogs in the image, not two.",1.4221936539979652,0,
1339596997_8ac29c1841.jpg,a woman in a pink dress and a white hat is standing next to a woman in a red dress,False,1,"The caption incorrectly identifies the clothing colors and types, as none of the women are wearing a pink dress or a red dress.",2.4509345940314233,0,
302983277_69a4e732e4.jpg,a man is sitting on a snowy mountain,False,2,"The man is sitting on a horse, not on the mountain itself, although the mountain is in the background.",1.0669356279540807,0,
1352410176_af6b139734.jpg,a man is walking on a beach,False,1,"The subject in the image is a young girl, not a man.",1.5108356160344556,0,
3145967309_b33abe4d84.jpg,a woman with a white shirt and a woman in a black shirt and a woman in a white shirt,False,1,The caption incorrectly identifies the gender of the person in the white shirt and repeats the description of the subjects.,2.5365959270857275,0,
2544182005_3aa1332bf9.jpg,a young boy riding a bike down a road,True,5,"The caption accurately describes the subject, their action, and the setting shown in the image.",8.772759170038626,0,
3564312955_716e86c48b.jpg,a girl in a bikini is holding a stick,False,2,"The girl is not holding a stick, and she is wearing a one-piece swimsuit, not a bikini.",5.445440107956529,0,
2522297487_57edf117f7.jpg,two young boys are smiling and smile for a picture,False,2,"The image shows a woman and two children, not just two young boys.",4.6114771999418736,1,
3139876823_859c7d7c23.jpg,a man is standing on a mountain with a mountain in the background,True,5,The caption accurately describes the man skiing on a mountain with a mountain range in the background.,1.3162402199814096,0,
1287073593_f3d2a62455.jpg,a group of sled dogs in the snow,True,5,The caption accurately describes the main subjects and the setting shown in the image.,1.2105573649751022,0,
3223055565_68973f5d20.jpg,a little boy in a black coat is playing with a red and white dog,False,1,"The caption incorrectly identifies the person as a little boy in a black coat and the dogs as red and white, when it is actually a teenager in a blue hoodie with two black dogs.",8.046218144940212,0,
2339106348_2df90aa6a9.jpg,a woman with a red hat and a woman in a crowd,False,2,"The caption incorrectly identifies a red hat, which is not present in the image, and fails to mention the two prominent women in the foreground.",1.6713644718984142,0,
3019842612_8501c1791e.jpg,a man in a white shirt is skateboarding on a skateboard,False,3,"The shirt is light blue, not white, although the person is indeed skateboarding.",1.943117861985229,0,
2096771662_984441d20d.jpg,a man and a woman are sitting on a bench,False,1,"The image shows two men standing outdoors, not a man and a woman sitting on a bench.",1.698333848034963,0,
488356951_b3b77ad832.jpg,a man in a red shirt and a hat sits on a table,False,2,"The man is sitting on a train seat, not a table, and the caption ignores the other people present.",1.625740117044188,0,
2283966256_70317e1759.jpg,a brown dog is digging in the water,False,2,"The dog is walking along the riverbank, not digging in the water.",2.0454286120366305,0,
494921598_af73bda568.jpg,a hockey player is being tackled by the puck,False,1,"The caption is nonsensical as a puck cannot tackle a player, and the player is simply skating with the puck.",1.8934062529588118,0,
523985664_c866af4850.jpg,a group of people are standing next to a woman in a blue shirt,False,2,"The woman is wearing a bikini top, not a blue shirt, and the caption is too vague about the main subject.",4.472027812968008,0,
375392855_54d46ed5c8.jpg,a young girl in a red jacket is jumping on a snowy hill,False,1,"The person is an adult woman in a yellow jacket cross-country skiing, not a young girl in a red jacket jumping.",1.1963676500599831,0,
3467219837_7d62213dec.jpg,two dogs are running on a beach,False,1,"The image shows greyhounds racing on a dirt track, not running on a beach, and there are more than two dogs present.",2.7026341520249844,0,
3484832904_08619300d9.jpg,a young boy in a blue uniform is playing baseball,False,1,"The image shows a female softball player, not a young boy in a blue uniform.",10.226380852982402,0,
424779662_568f9606d0.jpg,a group of people are wearing colorful costumes and a crowd,True,4,"The caption correctly identifies a group of people in costumes, though it is a bit vague regarding the specific St. Patrick's Day theme.",83.58308494999073,0,
2183227136_8bb657846b.jpg,a person is standing in the ocean,False,2,"The person is kneeling on the wet sand of the beach, not standing in the ocean.",2.1705237680580467,0,
3027397797_4f1d305ced.jpg,a man in a blue shirt is running on the street,False,1,"The man is shirtless and skateboarding, not wearing a blue shirt or running.",3.3929553650086746,0,
