review,true,pred,confidence,correct
"As Dr. Alan Feinstone, Corbin Bernsen turns a marvelously deranged performance in ""The Den...",positive,positive,0.999,True
"First of all, I became dissy after watching this movie for five minutes (cause of the bas ...",negative,negative,1.0,True
"This movie was so awful, so boring, so badly miscast -- it took a lot of work to make what...",negative,negative,0.999,True
"I'm not a John Cleese completist (although I thought ""Fawlty Towers was brilliant), but I ...",positive,positive,0.975,True
"The final installment in the Karate Kid series is predictable, poorly acted, and so bad it...",negative,negative,0.998,True
"I watched two very different Holmes adventures this morning, but you would be amazed at th...",positive,positive,0.997,True
How this film gains a 6.7 rating is beyond belief. It deserves nothing better than a 2.0 a...,negative,negative,0.993,True
"James Dickey is a wonderfully descriptive author. When one reads ""Deliverance"", one is ins...",positive,positive,0.952,True
One of the most peculiar oft-used romance movie plots is this one: A seriously messed-up m...,negative,negative,0.999,True
My friends and I saw this at the San Diego Black Film Festival. It was great. Stormy is a ...,positive,positive,0.984,True
