,ViT-B/16,ResNet50,ViT - ResNet
airplane,0.999864611111111,0.9996284444444444,0.00023616666666659292
automobile,0.9996758333333332,0.9997313333333334,-5.550000000020816e-05
bird,0.9994186666666667,0.9993527222222222,6.594444444452119e-05
cat,0.9983806666666667,0.9970751666666667,0.0013054999999999595
deer,0.9998802222222223,0.9996206666666667,0.0002595555555555684
dog,0.9992949444444444,0.9985092222222222,0.0007857222222222848
frog,0.9998020000000001,0.9996617777777779,0.00014022222222220826
horse,0.9998201111111111,0.9998585555555556,-3.844444444445205e-05
ship,0.9999451111111111,0.9997083333333333,0.00023677777777775244
truck,0.9996891111111111,0.9995565555555556,0.00013255555555558018
Macro (mean),0.9995771277777779,0.9992702777777778,0.00030684999999998076
